time,level,message
"2025-10-17 12:50:30,646",INFO,"Using device: cuda
"
"2025-10-17 12:50:31,275",INFO,"Model built, start training...
"
"2025-10-17 12:50:42,214",INFO,"Epoch 01 | Train Loss: 0.1404
"
"2025-10-17 12:50:43,607",INFO,"Epoch 01 | Val Loss: 0.1073 | Val IoU: 0.3933 (35/89)
"
"2025-10-17 12:50:43,619",INFO,"New best IoU: 0.3933 -> saved to ./checkpoints/20251017/best_iou_0.3933.pth
"
"2025-10-17 12:50:43,619",INFO,"Epoch 01 finished in 12.3s
"
"2025-10-17 12:50:54,262",INFO,"Epoch 02 | Train Loss: 0.0967
"
"2025-10-17 12:50:55,675",INFO,"Epoch 02 | Val Loss: 0.0982 | Val IoU: 0.3371 (30/89)
"
"2025-10-17 12:50:55,676",INFO,"IoU未提升（当前:0.3371 最佳:0.3933），模型不保存
"
"2025-10-17 12:50:55,676",INFO,"Epoch 02 finished in 12.1s
"
"2025-10-17 12:51:06,444",INFO,"Epoch 03 | Train Loss: 0.0983
"
"2025-10-17 12:51:07,844",INFO,"Epoch 03 | Val Loss: 0.0903 | Val IoU: 0.3708 (33/89)
"
"2025-10-17 12:51:07,844",INFO,"IoU未提升（当前:0.3708 最佳:0.3933），模型不保存
"
"2025-10-17 12:51:07,844",INFO,"Epoch 03 finished in 12.2s
"
"2025-10-17 12:51:18,437",INFO,"Epoch 04 | Train Loss: 0.0919
"
"2025-10-17 12:51:19,879",INFO,"Epoch 04 | Val Loss: 0.0941 | Val IoU: 0.4045 (36/89)
"
"2025-10-17 12:51:19,890",INFO,"New best IoU: 0.4045 -> saved to ./checkpoints/20251017/best_iou_0.4045.pth
"
"2025-10-17 12:51:19,890",INFO,"Epoch 04 finished in 12.0s
"
"2025-10-17 12:51:30,506",INFO,"Epoch 05 | Train Loss: 0.0886
"
"2025-10-17 12:51:31,910",INFO,"Epoch 05 | Val Loss: 0.1023 | Val IoU: 0.3820 (34/89)
"
"2025-10-17 12:51:31,910",INFO,"IoU未提升（当前:0.3820 最佳:0.4045），模型不保存
"
"2025-10-17 12:51:31,910",INFO,"Epoch 05 finished in 12.0s
"
"2025-10-17 12:51:42,564",INFO,"Epoch 06 | Train Loss: 0.0878
"
"2025-10-17 12:51:44,001",INFO,"Epoch 06 | Val Loss: 0.0852 | Val IoU: 0.4944 (44/89)
"
"2025-10-17 12:51:44,015",INFO,"New best IoU: 0.4944 -> saved to ./checkpoints/20251017/best_iou_0.4944.pth
"
"2025-10-17 12:51:44,015",INFO,"Epoch 06 finished in 12.1s
"
"2025-10-17 12:51:54,712",INFO,"Epoch 07 | Train Loss: 0.0861
"
"2025-10-17 12:51:56,151",INFO,"Epoch 07 | Val Loss: 0.0863 | Val IoU: 0.6067 (54/89)
"
"2025-10-17 12:51:56,163",INFO,"New best IoU: 0.6067 -> saved to ./checkpoints/20251017/best_iou_0.6067.pth
"
"2025-10-17 12:51:56,163",INFO,"Epoch 07 finished in 12.1s
"
"2025-10-17 12:52:06,799",INFO,"Epoch 08 | Train Loss: 0.0838
"
"2025-10-17 12:52:08,346",INFO,"Epoch 08 | Val Loss: 0.0696 | Val IoU: 0.5955 (53/89)
"
"2025-10-17 12:52:08,347",INFO,"IoU未提升（当前:0.5955 最佳:0.6067），模型不保存
"
"2025-10-17 12:52:08,347",INFO,"Epoch 08 finished in 12.2s
"
"2025-10-17 12:52:19,162",INFO,"Epoch 09 | Train Loss: 0.0822
"
"2025-10-17 12:52:20,619",INFO,"Epoch 09 | Val Loss: 0.0897 | Val IoU: 0.7528 (67/89)
"
"2025-10-17 12:52:20,631",INFO,"New best IoU: 0.7528 -> saved to ./checkpoints/20251017/best_iou_0.7528.pth
"
"2025-10-17 12:52:20,631",INFO,"Epoch 09 finished in 12.3s
"
"2025-10-17 12:52:31,346",INFO,"Epoch 10 | Train Loss: 0.0828
"
"2025-10-17 12:52:32,807",INFO,"Epoch 10 | Val Loss: 0.0728 | Val IoU: 0.7079 (63/89)
"
"2025-10-17 12:52:32,807",INFO,"IoU未提升（当前:0.7079 最佳:0.7528），模型不保存
"
"2025-10-17 12:52:32,807",INFO,"Epoch 10 finished in 12.2s
"
"2025-10-17 12:52:43,552",INFO,"Epoch 11 | Train Loss: 0.0806
"
"2025-10-17 12:52:44,956",INFO,"Epoch 11 | Val Loss: 0.0846 | Val IoU: 0.7191 (64/89)
"
"2025-10-17 12:52:44,957",INFO,"IoU未提升（当前:0.7191 最佳:0.7528），模型不保存
"
"2025-10-17 12:52:44,957",INFO,"Epoch 11 finished in 12.1s
"
"2025-10-17 12:52:55,598",INFO,"Epoch 12 | Train Loss: 0.0832
"
"2025-10-17 12:52:57,043",INFO,"Epoch 12 | Val Loss: 0.0705 | Val IoU: 0.7865 (70/89)
"
"2025-10-17 12:52:57,056",INFO,"New best IoU: 0.7865 -> saved to ./checkpoints/20251017/best_iou_0.7865.pth
"
"2025-10-17 12:52:57,056",INFO,"Epoch 12 finished in 12.1s
"
"2025-10-17 12:53:07,814",INFO,"Epoch 13 | Train Loss: 0.0804
"
"2025-10-17 12:53:09,283",INFO,"Epoch 13 | Val Loss: 0.0790 | Val IoU: 0.7303 (65/89)
"
"2025-10-17 12:53:09,283",INFO,"IoU未提升（当前:0.7303 最佳:0.7865），模型不保存
"
"2025-10-17 12:53:09,283",INFO,"Epoch 13 finished in 12.2s
"
"2025-10-17 12:53:20,024",INFO,"Epoch 14 | Train Loss: 0.0794
"
"2025-10-17 12:53:21,463",INFO,"Epoch 14 | Val Loss: 0.0645 | Val IoU: 0.7865 (70/89)
"
"2025-10-17 12:53:21,463",INFO,"IoU未提升（当前:0.7865 最佳:0.7865），模型不保存
"
"2025-10-17 12:53:21,463",INFO,"Epoch 14 finished in 12.2s
"
"2025-10-17 12:53:32,279",INFO,"Epoch 15 | Train Loss: 0.0792
"
"2025-10-17 12:53:33,741",INFO,"Epoch 15 | Val Loss: 0.0744 | Val IoU: 0.7640 (68/89)
"
"2025-10-17 12:53:33,742",INFO,"IoU未提升（当前:0.7640 最佳:0.7865），模型不保存
"
"2025-10-17 12:53:33,742",INFO,"Epoch 15 finished in 12.3s
"
"2025-10-17 12:53:44,402",INFO,"Epoch 16 | Train Loss: 0.0798
"
"2025-10-17 12:53:45,849",INFO,"Epoch 16 | Val Loss: 0.0812 | Val IoU: 0.7640 (68/89)
"
"2025-10-17 12:53:45,850",INFO,"IoU未提升（当前:0.7640 最佳:0.7865），模型不保存
"
"2025-10-17 12:53:45,850",INFO,"Epoch 16 finished in 12.1s
"
"2025-10-17 12:53:56,603",INFO,"Epoch 17 | Train Loss: 0.0828
"
"2025-10-17 12:53:58,082",INFO,"Epoch 17 | Val Loss: 0.0742 | Val IoU: 0.8652 (77/89)
"
"2025-10-17 12:53:58,094",INFO,"New best IoU: 0.8652 -> saved to ./checkpoints/20251017/best_iou_0.8652.pth
"
"2025-10-17 12:53:58,094",INFO,"Epoch 17 finished in 12.2s
"
"2025-10-17 12:54:08,753",INFO,"Epoch 18 | Train Loss: 0.0767
"
"2025-10-17 12:54:10,257",INFO,"Epoch 18 | Val Loss: 0.0793 | Val IoU: 0.8876 (79/89)
"
"2025-10-17 12:54:10,269",INFO,"New best IoU: 0.8876 -> saved to ./checkpoints/20251017/best_iou_0.8876.pth
"
"2025-10-17 12:54:10,269",INFO,"Epoch 18 finished in 12.2s
"
"2025-10-17 12:54:20,983",INFO,"Epoch 19 | Train Loss: 0.0806
"
"2025-10-17 12:54:22,555",INFO,"Epoch 19 | Val Loss: 0.0685 | Val IoU: 0.9213 (82/89)
"
"2025-10-17 12:54:22,567",INFO,"New best IoU: 0.9213 -> saved to ./checkpoints/20251017/best_iou_0.9213.pth
"
"2025-10-17 12:54:22,567",INFO,"Epoch 19 finished in 12.3s
"
"2025-10-17 12:54:33,300",INFO,"Epoch 20 | Train Loss: 0.0788
"
"2025-10-17 12:54:34,728",INFO,"Epoch 20 | Val Loss: 0.0756 | Val IoU: 0.8652 (77/89)
"
"2025-10-17 12:54:34,728",INFO,"IoU未提升（当前:0.8652 最佳:0.9213），模型不保存
"
"2025-10-17 12:54:34,728",INFO,"Epoch 20 finished in 12.2s
"
"2025-10-17 12:54:45,346",INFO,"Epoch 21 | Train Loss: 0.0787
"
"2025-10-17 12:54:46,822",INFO,"Epoch 21 | Val Loss: 0.0717 | Val IoU: 0.7191 (64/89)
"
"2025-10-17 12:54:46,822",INFO,"IoU未提升（当前:0.7191 最佳:0.9213），模型不保存
"
"2025-10-17 12:54:46,822",INFO,"Epoch 21 finished in 12.1s
"
"2025-10-17 12:54:57,480",INFO,"Epoch 22 | Train Loss: 0.0761
"
"2025-10-17 12:54:58,917",INFO,"Epoch 22 | Val Loss: 0.0652 | Val IoU: 0.7753 (69/89)
"
"2025-10-17 12:54:58,918",INFO,"IoU未提升（当前:0.7753 最佳:0.9213），模型不保存
"
"2025-10-17 12:54:58,918",INFO,"Epoch 22 finished in 12.1s
"
"2025-10-17 12:55:09,607",INFO,"Epoch 23 | Train Loss: 0.0789
"
"2025-10-17 12:55:11,173",INFO,"Epoch 23 | Val Loss: 0.0772 | Val IoU: 0.7753 (69/89)
"
"2025-10-17 12:55:11,173",INFO,"IoU未提升（当前:0.7753 最佳:0.9213），模型不保存
"
"2025-10-17 12:55:11,173",INFO,"Epoch 23 finished in 12.3s
"
"2025-10-17 12:55:21,882",INFO,"Epoch 24 | Train Loss: 0.0735
"
"2025-10-17 12:55:23,402",INFO,"Epoch 24 | Val Loss: 0.0799 | Val IoU: 0.7865 (70/89)
"
"2025-10-17 12:55:23,402",INFO,"IoU未提升（当前:0.7865 最佳:0.9213），模型不保存
"
"2025-10-17 12:55:23,402",INFO,"Epoch 24 finished in 12.2s
"
"2025-10-17 12:55:34,193",INFO,"Epoch 25 | Train Loss: 0.0752
"
"2025-10-17 12:55:35,656",INFO,"Epoch 25 | Val Loss: 0.0730 | Val IoU: 0.7640 (68/89)
"
"2025-10-17 12:55:35,656",INFO,"IoU未提升（当前:0.7640 最佳:0.9213），模型不保存
"
"2025-10-17 12:55:35,656",INFO,"Epoch 25 finished in 12.3s
"
"2025-10-17 12:55:46,330",INFO,"Epoch 26 | Train Loss: 0.0760
"
"2025-10-17 12:55:47,820",INFO,"Epoch 26 | Val Loss: 0.0754 | Val IoU: 0.8652 (77/89)
"
"2025-10-17 12:55:47,821",INFO,"IoU未提升（当前:0.8652 最佳:0.9213），模型不保存
"
"2025-10-17 12:55:47,821",INFO,"Epoch 26 finished in 12.2s
"
"2025-10-17 12:55:58,512",INFO,"Epoch 27 | Train Loss: 0.0739
"
"2025-10-17 12:56:00,015",INFO,"Epoch 27 | Val Loss: 0.0710 | Val IoU: 0.8539 (76/89)
"
"2025-10-17 12:56:00,015",INFO,"IoU未提升（当前:0.8539 最佳:0.9213），模型不保存
"
"2025-10-17 12:56:00,015",INFO,"Epoch 27 finished in 12.2s
"
"2025-10-17 12:56:10,662",INFO,"Epoch 28 | Train Loss: 0.0739
"
"2025-10-17 12:56:12,160",INFO,"Epoch 28 | Val Loss: 0.0680 | Val IoU: 0.8202 (73/89)
"
"2025-10-17 12:56:12,160",INFO,"IoU未提升（当前:0.8202 最佳:0.9213），模型不保存
"
"2025-10-17 12:56:12,160",INFO,"Epoch 28 finished in 12.1s
"
"2025-10-17 12:56:22,858",INFO,"Epoch 29 | Train Loss: 0.0747
"
"2025-10-17 12:56:24,408",INFO,"Epoch 29 | Val Loss: 0.0562 | Val IoU: 0.8764 (78/89)
"
"2025-10-17 12:56:24,408",INFO,"IoU未提升（当前:0.8764 最佳:0.9213），模型不保存
"
"2025-10-17 12:56:24,408",INFO,"Epoch 29 finished in 12.2s
"
"2025-10-17 12:56:35,067",INFO,"Epoch 30 | Train Loss: 0.0705
"
"2025-10-17 12:56:36,567",INFO,"Epoch 30 | Val Loss: 0.0733 | Val IoU: 0.8876 (79/89)
"
"2025-10-17 12:56:36,567",INFO,"IoU未提升（当前:0.8876 最佳:0.9213），模型不保存
"
"2025-10-17 12:56:36,567",INFO,"Epoch 30 finished in 12.2s
"
"2025-10-17 12:56:47,264",INFO,"Epoch 31 | Train Loss: 0.0767
"
"2025-10-17 12:56:48,736",INFO,"Epoch 31 | Val Loss: 0.0827 | Val IoU: 0.8764 (78/89)
"
"2025-10-17 12:56:48,736",INFO,"IoU未提升（当前:0.8764 最佳:0.9213），模型不保存
"
"2025-10-17 12:56:48,736",INFO,"Epoch 31 finished in 12.2s
"
"2025-10-17 12:56:59,540",INFO,"Epoch 32 | Train Loss: 0.0727
"
"2025-10-17 12:57:01,037",INFO,"Epoch 32 | Val Loss: 0.0679 | Val IoU: 0.8539 (76/89)
"
"2025-10-17 12:57:01,037",INFO,"IoU未提升（当前:0.8539 最佳:0.9213），模型不保存
"
"2025-10-17 12:57:01,037",INFO,"Epoch 32 finished in 12.3s
"
"2025-10-17 12:57:11,735",INFO,"Epoch 33 | Train Loss: 0.0730
"
"2025-10-17 12:57:13,180",INFO,"Epoch 33 | Val Loss: 0.0735 | Val IoU: 0.8427 (75/89)
"
"2025-10-17 12:57:13,180",INFO,"IoU未提升（当前:0.8427 最佳:0.9213），模型不保存
"
"2025-10-17 12:57:13,180",INFO,"Epoch 33 finished in 12.1s
"
"2025-10-17 12:57:23,837",INFO,"Epoch 34 | Train Loss: 0.0713
"
"2025-10-17 12:57:25,332",INFO,"Epoch 34 | Val Loss: 0.0753 | Val IoU: 0.8876 (79/89)
"
"2025-10-17 12:57:25,332",INFO,"IoU未提升（当前:0.8876 最佳:0.9213），模型不保存
"
"2025-10-17 12:57:25,332",INFO,"Epoch 34 finished in 12.2s
"
"2025-10-17 12:57:36,041",INFO,"Epoch 35 | Train Loss: 0.0715
"
"2025-10-17 12:57:37,528",INFO,"Epoch 35 | Val Loss: 0.0726 | Val IoU: 0.8539 (76/89)
"
"2025-10-17 12:57:37,528",INFO,"IoU未提升（当前:0.8539 最佳:0.9213），模型不保存
"
"2025-10-17 12:57:37,528",INFO,"Epoch 35 finished in 12.2s
"
"2025-10-17 12:57:48,212",INFO,"Epoch 36 | Train Loss: 0.0742
"
"2025-10-17 12:57:49,696",INFO,"Epoch 36 | Val Loss: 0.0871 | Val IoU: 0.7978 (71/89)
"
"2025-10-17 12:57:49,696",INFO,"IoU未提升（当前:0.7978 最佳:0.9213），模型不保存
"
"2025-10-17 12:57:49,696",INFO,"Epoch 36 finished in 12.2s
"
"2025-10-17 12:58:00,286",INFO,"Epoch 37 | Train Loss: 0.0744
"
"2025-10-17 12:58:01,748",INFO,"Epoch 37 | Val Loss: 0.0833 | Val IoU: 0.7865 (70/89)
"
"2025-10-17 12:58:01,748",INFO,"IoU未提升（当前:0.7865 最佳:0.9213），模型不保存
"
"2025-10-17 12:58:01,748",INFO,"Epoch 37 finished in 12.1s
"
"2025-10-17 12:58:12,412",INFO,"Epoch 38 | Train Loss: 0.0745
"
"2025-10-17 12:58:13,892",INFO,"Epoch 38 | Val Loss: 0.0701 | Val IoU: 0.9101 (81/89)
"
"2025-10-17 12:58:13,892",INFO,"IoU未提升（当前:0.9101 最佳:0.9213），模型不保存
"
"2025-10-17 12:58:13,892",INFO,"Epoch 38 finished in 12.1s
"
"2025-10-17 12:58:24,490",INFO,"Epoch 39 | Train Loss: 0.0731
"
"2025-10-17 12:58:25,993",INFO,"Epoch 39 | Val Loss: 0.0732 | Val IoU: 0.7978 (71/89)
"
"2025-10-17 12:58:25,993",INFO,"IoU未提升（当前:0.7978 最佳:0.9213），模型不保存
"
"2025-10-17 12:58:25,993",INFO,"Epoch 39 finished in 12.1s
"
"2025-10-17 12:58:36,662",INFO,"Epoch 40 | Train Loss: 0.0703
"
"2025-10-17 12:58:38,227",INFO,"Epoch 40 | Val Loss: 0.0621 | Val IoU: 0.8764 (78/89)
"
"2025-10-17 12:58:38,227",INFO,"IoU未提升（当前:0.8764 最佳:0.9213），模型不保存
"
"2025-10-17 12:58:38,227",INFO,"Epoch 40 finished in 12.2s
"
"2025-10-17 12:58:48,942",INFO,"Epoch 41 | Train Loss: 0.0726
"
"2025-10-17 12:58:50,414",INFO,"Epoch 41 | Val Loss: 0.0692 | Val IoU: 0.7978 (71/89)
"
"2025-10-17 12:58:50,414",INFO,"IoU未提升（当前:0.7978 最佳:0.9213），模型不保存
"
"2025-10-17 12:58:50,414",INFO,"Epoch 41 finished in 12.2s
"
"2025-10-17 12:59:01,204",INFO,"Epoch 42 | Train Loss: 0.0745
"
"2025-10-17 12:59:02,738",INFO,"Epoch 42 | Val Loss: 0.0683 | Val IoU: 0.8876 (79/89)
"
"2025-10-17 12:59:02,738",INFO,"IoU未提升（当前:0.8876 最佳:0.9213），模型不保存
"
"2025-10-17 12:59:02,738",INFO,"Epoch 42 finished in 12.3s
"
"2025-10-17 12:59:13,459",INFO,"Epoch 43 | Train Loss: 0.0711
"
"2025-10-17 12:59:14,893",INFO,"Epoch 43 | Val Loss: 0.0760 | Val IoU: 0.7978 (71/89)
"
"2025-10-17 12:59:14,894",INFO,"IoU未提升（当前:0.7978 最佳:0.9213），模型不保存
"
"2025-10-17 12:59:14,894",INFO,"Epoch 43 finished in 12.2s
"
"2025-10-17 12:59:25,600",INFO,"Epoch 44 | Train Loss: 0.0739
"
"2025-10-17 12:59:27,086",INFO,"Epoch 44 | Val Loss: 0.0683 | Val IoU: 0.8652 (77/89)
"
"2025-10-17 12:59:27,086",INFO,"IoU未提升（当前:0.8652 最佳:0.9213），模型不保存
"
"2025-10-17 12:59:27,086",INFO,"Epoch 44 finished in 12.2s
"
"2025-10-17 12:59:37,791",INFO,"Epoch 45 | Train Loss: 0.0687
"
"2025-10-17 12:59:39,280",INFO,"Epoch 45 | Val Loss: 0.0654 | Val IoU: 0.7978 (71/89)
"
"2025-10-17 12:59:39,280",INFO,"IoU未提升（当前:0.7978 最佳:0.9213），模型不保存
"
"2025-10-17 12:59:39,280",INFO,"Epoch 45 finished in 12.2s
"
"2025-10-17 12:59:49,900",INFO,"Epoch 46 | Train Loss: 0.0673
"
"2025-10-17 12:59:51,423",INFO,"Epoch 46 | Val Loss: 0.0624 | Val IoU: 0.8989 (80/89)
"
"2025-10-17 12:59:51,423",INFO,"IoU未提升（当前:0.8989 最佳:0.9213），模型不保存
"
"2025-10-17 12:59:51,423",INFO,"Epoch 46 finished in 12.1s
"
"2025-10-17 13:00:02,098",INFO,"Epoch 47 | Train Loss: 0.0688
"
"2025-10-17 13:00:03,607",INFO,"Epoch 47 | Val Loss: 0.0692 | Val IoU: 0.8427 (75/89)
"
"2025-10-17 13:00:03,607",INFO,"IoU未提升（当前:0.8427 最佳:0.9213），模型不保存
"
"2025-10-17 13:00:03,608",INFO,"Epoch 47 finished in 12.2s
"
"2025-10-17 13:00:14,287",INFO,"Epoch 48 | Train Loss: 0.0718
"
"2025-10-17 13:00:15,839",INFO,"Epoch 48 | Val Loss: 0.0709 | Val IoU: 0.8989 (80/89)
"
"2025-10-17 13:00:15,839",INFO,"IoU未提升（当前:0.8989 最佳:0.9213），模型不保存
"
"2025-10-17 13:00:15,839",INFO,"Epoch 48 finished in 12.2s
"
"2025-10-17 13:00:26,527",INFO,"Epoch 49 | Train Loss: 0.0683
"
"2025-10-17 13:00:28,006",INFO,"Epoch 49 | Val Loss: 0.0610 | Val IoU: 0.8876 (79/89)
"
"2025-10-17 13:00:28,006",INFO,"IoU未提升（当前:0.8876 最佳:0.9213），模型不保存
"
"2025-10-17 13:00:28,006",INFO,"Epoch 49 finished in 12.2s
"
"2025-10-17 13:00:38,630",INFO,"Epoch 50 | Train Loss: 0.0676
"
"2025-10-17 13:00:40,175",INFO,"Epoch 50 | Val Loss: 0.0725 | Val IoU: 0.8764 (78/89)
"
"2025-10-17 13:00:40,175",INFO,"IoU未提升（当前:0.8764 最佳:0.9213），模型不保存
"
"2025-10-17 13:00:40,175",INFO,"Epoch 50 finished in 12.2s
"
"2025-10-17 13:00:50,894",INFO,"Epoch 51 | Train Loss: 0.0673
"
"2025-10-17 13:00:52,451",INFO,"Epoch 51 | Val Loss: 0.0646 | Val IoU: 0.8315 (74/89)
"
"2025-10-17 13:00:52,451",INFO,"IoU未提升（当前:0.8315 最佳:0.9213），模型不保存
"
"2025-10-17 13:00:52,451",INFO,"Epoch 51 finished in 12.3s
"
"2025-10-17 13:01:03,207",INFO,"Epoch 52 | Train Loss: 0.0687
"
"2025-10-17 13:01:04,860",INFO,"Epoch 52 | Val Loss: 0.0637 | Val IoU: 0.8652 (77/89)
"
"2025-10-17 13:01:04,860",INFO,"IoU未提升（当前:0.8652 最佳:0.9213），模型不保存
"
"2025-10-17 13:01:04,860",INFO,"Epoch 52 finished in 12.4s
"
"2025-10-17 13:01:15,494",INFO,"Epoch 53 | Train Loss: 0.0695
"
"2025-10-17 13:01:17,040",INFO,"Epoch 53 | Val Loss: 0.0706 | Val IoU: 0.8652 (77/89)
"
"2025-10-17 13:01:17,040",INFO,"IoU未提升（当前:0.8652 最佳:0.9213），模型不保存
"
"2025-10-17 13:01:17,040",INFO,"Epoch 53 finished in 12.2s
"
"2025-10-17 13:01:27,760",INFO,"Epoch 54 | Train Loss: 0.0681
"
"2025-10-17 13:01:29,228",INFO,"Epoch 54 | Val Loss: 0.0770 | Val IoU: 0.7978 (71/89)
"
"2025-10-17 13:01:29,228",INFO,"IoU未提升（当前:0.7978 最佳:0.9213），模型不保存
"
"2025-10-17 13:01:29,228",INFO,"Epoch 54 finished in 12.2s
"
"2025-10-17 13:01:39,855",INFO,"Epoch 55 | Train Loss: 0.0686
"
"2025-10-17 13:01:41,332",INFO,"Epoch 55 | Val Loss: 0.0655 | Val IoU: 0.8539 (76/89)
"
"2025-10-17 13:01:41,333",INFO,"IoU未提升（当前:0.8539 最佳:0.9213），模型不保存
"
"2025-10-17 13:01:41,333",INFO,"Epoch 55 finished in 12.1s
"
"2025-10-17 13:01:52,070",INFO,"Epoch 56 | Train Loss: 0.0687
"
"2025-10-17 13:01:53,591",INFO,"Epoch 56 | Val Loss: 0.0676 | Val IoU: 0.9326 (83/89)
"
"2025-10-17 13:01:53,603",INFO,"New best IoU: 0.9326 -> saved to ./checkpoints/20251017/best_iou_0.9326.pth
"
"2025-10-17 13:01:53,603",INFO,"Epoch 56 finished in 12.3s
"
"2025-10-17 13:02:04,417",INFO,"Epoch 57 | Train Loss: 0.0676
"
"2025-10-17 13:02:05,946",INFO,"Epoch 57 | Val Loss: 0.0843 | Val IoU: 0.8427 (75/89)
"
"2025-10-17 13:02:05,946",INFO,"IoU未提升（当前:0.8427 最佳:0.9326），模型不保存
"
"2025-10-17 13:02:05,946",INFO,"Epoch 57 finished in 12.3s
"
"2025-10-17 13:02:16,613",INFO,"Epoch 58 | Train Loss: 0.0678
"
"2025-10-17 13:02:18,093",INFO,"Epoch 58 | Val Loss: 0.0620 | Val IoU: 0.9101 (81/89)
"
"2025-10-17 13:02:18,093",INFO,"IoU未提升（当前:0.9101 最佳:0.9326），模型不保存
"
"2025-10-17 13:02:18,093",INFO,"Epoch 58 finished in 12.1s
"
"2025-10-17 13:02:28,765",INFO,"Epoch 59 | Train Loss: 0.0688
"
"2025-10-17 13:02:30,282",INFO,"Epoch 59 | Val Loss: 0.0651 | Val IoU: 0.8427 (75/89)
"
"2025-10-17 13:02:30,282",INFO,"IoU未提升（当前:0.8427 最佳:0.9326），模型不保存
"
"2025-10-17 13:02:30,282",INFO,"Epoch 59 finished in 12.2s
"
"2025-10-17 13:02:40,986",INFO,"Epoch 60 | Train Loss: 0.0663
"
"2025-10-17 13:02:42,531",INFO,"Epoch 60 | Val Loss: 0.0663 | Val IoU: 0.8652 (77/89)
"
"2025-10-17 13:02:42,531",INFO,"IoU未提升（当前:0.8652 最佳:0.9326），模型不保存
"
"2025-10-17 13:02:42,531",INFO,"Epoch 60 finished in 12.2s
"
"2025-10-17 13:02:53,190",INFO,"Epoch 61 | Train Loss: 0.0672
"
"2025-10-17 13:02:54,672",INFO,"Epoch 61 | Val Loss: 0.0640 | Val IoU: 0.8652 (77/89)
"
"2025-10-17 13:02:54,672",INFO,"IoU未提升（当前:0.8652 最佳:0.9326），模型不保存
"
"2025-10-17 13:02:54,672",INFO,"Epoch 61 finished in 12.1s
"
"2025-10-17 13:03:05,567",INFO,"Epoch 62 | Train Loss: 0.0638
"
"2025-10-17 13:03:07,080",INFO,"Epoch 62 | Val Loss: 0.0574 | Val IoU: 0.8989 (80/89)
"
"2025-10-17 13:03:07,080",INFO,"IoU未提升（当前:0.8989 最佳:0.9326），模型不保存
"
"2025-10-17 13:03:07,080",INFO,"Epoch 62 finished in 12.4s
"
"2025-10-17 13:03:17,763",INFO,"Epoch 63 | Train Loss: 0.0693
"
"2025-10-17 13:03:19,313",INFO,"Epoch 63 | Val Loss: 0.0671 | Val IoU: 0.9326 (83/89)
"
"2025-10-17 13:03:19,313",INFO,"IoU未提升（当前:0.9326 最佳:0.9326），模型不保存
"
"2025-10-17 13:03:19,313",INFO,"Epoch 63 finished in 12.2s
"
"2025-10-17 13:03:30,056",INFO,"Epoch 64 | Train Loss: 0.0656
"
"2025-10-17 13:03:31,602",INFO,"Epoch 64 | Val Loss: 0.0634 | Val IoU: 0.8764 (78/89)
"
"2025-10-17 13:03:31,602",INFO,"IoU未提升（当前:0.8764 最佳:0.9326），模型不保存
"
"2025-10-17 13:03:31,602",INFO,"Epoch 64 finished in 12.3s
"
"2025-10-17 13:03:42,356",INFO,"Epoch 65 | Train Loss: 0.0669
"
"2025-10-17 13:03:43,880",INFO,"Epoch 65 | Val Loss: 0.0652 | Val IoU: 0.8315 (74/89)
"
"2025-10-17 13:03:43,880",INFO,"IoU未提升（当前:0.8315 最佳:0.9326），模型不保存
"
"2025-10-17 13:03:43,881",INFO,"Epoch 65 finished in 12.3s
"
"2025-10-17 13:03:54,543",INFO,"Epoch 66 | Train Loss: 0.0654
"
"2025-10-17 13:03:56,046",INFO,"Epoch 66 | Val Loss: 0.0627 | Val IoU: 0.8202 (73/89)
"
"2025-10-17 13:03:56,046",INFO,"IoU未提升（当前:0.8202 最佳:0.9326），模型不保存
"
"2025-10-17 13:03:56,046",INFO,"Epoch 66 finished in 12.2s
"
"2025-10-17 13:04:06,740",INFO,"Epoch 67 | Train Loss: 0.0666
"
"2025-10-17 13:04:08,251",INFO,"Epoch 67 | Val Loss: 0.0707 | Val IoU: 0.9213 (82/89)
"
"2025-10-17 13:04:08,251",INFO,"IoU未提升（当前:0.9213 最佳:0.9326），模型不保存
"
"2025-10-17 13:04:08,251",INFO,"Epoch 67 finished in 12.2s
"
"2025-10-17 13:04:18,951",INFO,"Epoch 68 | Train Loss: 0.0626
"
"2025-10-17 13:04:20,497",INFO,"Epoch 68 | Val Loss: 0.0675 | Val IoU: 0.8989 (80/89)
"
"2025-10-17 13:04:20,497",INFO,"IoU未提升（当前:0.8989 最佳:0.9326），模型不保存
"
"2025-10-17 13:04:20,497",INFO,"Epoch 68 finished in 12.2s
"
"2025-10-17 13:04:31,167",INFO,"Epoch 69 | Train Loss: 0.0642
"
"2025-10-17 13:04:32,693",INFO,"Epoch 69 | Val Loss: 0.0778 | Val IoU: 0.8876 (79/89)
"
"2025-10-17 13:04:32,693",INFO,"IoU未提升（当前:0.8876 最佳:0.9326），模型不保存
"
"2025-10-17 13:04:32,693",INFO,"Epoch 69 finished in 12.2s
"
"2025-10-17 13:04:43,330",INFO,"Epoch 70 | Train Loss: 0.0669
"
"2025-10-17 13:04:44,859",INFO,"Epoch 70 | Val Loss: 0.0567 | Val IoU: 0.9101 (81/89)
"
"2025-10-17 13:04:44,859",INFO,"IoU未提升（当前:0.9101 最佳:0.9326），模型不保存
"
"2025-10-17 13:04:44,860",INFO,"Epoch 70 finished in 12.2s
"
"2025-10-17 13:04:55,545",INFO,"Epoch 71 | Train Loss: 0.0700
"
"2025-10-17 13:04:57,106",INFO,"Epoch 71 | Val Loss: 0.0719 | Val IoU: 0.8764 (78/89)
"
"2025-10-17 13:04:57,106",INFO,"IoU未提升（当前:0.8764 最佳:0.9326），模型不保存
"
"2025-10-17 13:04:57,106",INFO,"Epoch 71 finished in 12.2s
"
"2025-10-17 13:05:07,834",INFO,"Epoch 72 | Train Loss: 0.0632
"
"2025-10-17 13:05:09,377",INFO,"Epoch 72 | Val Loss: 0.0630 | Val IoU: 0.9213 (82/89)
"
"2025-10-17 13:05:09,377",INFO,"IoU未提升（当前:0.9213 最佳:0.9326），模型不保存
"
"2025-10-17 13:05:09,377",INFO,"Epoch 72 finished in 12.3s
"
"2025-10-17 13:05:20,225",INFO,"Epoch 73 | Train Loss: 0.0661
"
"2025-10-17 13:05:21,794",INFO,"Epoch 73 | Val Loss: 0.0727 | Val IoU: 0.8876 (79/89)
"
"2025-10-17 13:05:21,794",INFO,"IoU未提升（当前:0.8876 最佳:0.9326），模型不保存
"
"2025-10-17 13:05:21,794",INFO,"Epoch 73 finished in 12.4s
"
"2025-10-17 13:05:32,415",INFO,"Epoch 74 | Train Loss: 0.0669
"
"2025-10-17 13:05:33,948",INFO,"Epoch 74 | Val Loss: 0.0650 | Val IoU: 0.8989 (80/89)
"
"2025-10-17 13:05:33,948",INFO,"IoU未提升（当前:0.8989 最佳:0.9326），模型不保存
"
"2025-10-17 13:05:33,948",INFO,"Epoch 74 finished in 12.2s
"
"2025-10-17 13:05:44,624",INFO,"Epoch 75 | Train Loss: 0.0629
"
"2025-10-17 13:05:46,159",INFO,"Epoch 75 | Val Loss: 0.0673 | Val IoU: 0.9213 (82/89)
"
"2025-10-17 13:05:46,159",INFO,"IoU未提升（当前:0.9213 最佳:0.9326），模型不保存
"
"2025-10-17 13:05:46,159",INFO,"Epoch 75 finished in 12.2s
"
"2025-10-17 13:05:56,851",INFO,"Epoch 76 | Train Loss: 0.0645
"
"2025-10-17 13:05:58,359",INFO,"Epoch 76 | Val Loss: 0.0574 | Val IoU: 0.9663 (86/89)
"
"2025-10-17 13:05:58,371",INFO,"New best IoU: 0.9663 -> saved to ./checkpoints/20251017/best_iou_0.9663.pth
"
"2025-10-17 13:05:58,371",INFO,"Epoch 76 finished in 12.2s
"
"2025-10-17 13:06:08,995",INFO,"Epoch 77 | Train Loss: 0.0639
"
"2025-10-17 13:06:10,516",INFO,"Epoch 77 | Val Loss: 0.0671 | Val IoU: 0.8876 (79/89)
"
"2025-10-17 13:06:10,516",INFO,"IoU未提升（当前:0.8876 最佳:0.9663），模型不保存
"
"2025-10-17 13:06:10,516",INFO,"Epoch 77 finished in 12.1s
"
"2025-10-17 13:06:21,176",INFO,"Epoch 78 | Train Loss: 0.0668
"
"2025-10-17 13:06:22,703",INFO,"Epoch 78 | Val Loss: 0.0626 | Val IoU: 0.8427 (75/89)
"
"2025-10-17 13:06:22,703",INFO,"IoU未提升（当前:0.8427 最佳:0.9663），模型不保存
"
"2025-10-17 13:06:22,703",INFO,"Epoch 78 finished in 12.2s
"
"2025-10-17 13:06:33,365",INFO,"Epoch 79 | Train Loss: 0.0672
"
"2025-10-17 13:06:34,881",INFO,"Epoch 79 | Val Loss: 0.0660 | Val IoU: 0.8989 (80/89)
"
"2025-10-17 13:06:34,881",INFO,"IoU未提升（当前:0.8989 最佳:0.9663），模型不保存
"
"2025-10-17 13:06:34,881",INFO,"Epoch 79 finished in 12.2s
"
"2025-10-17 13:06:45,575",INFO,"Epoch 80 | Train Loss: 0.0648
"
"2025-10-17 13:06:47,211",INFO,"Epoch 80 | Val Loss: 0.0611 | Val IoU: 0.9438 (84/89)
"
"2025-10-17 13:06:47,211",INFO,"IoU未提升（当前:0.9438 最佳:0.9663），模型不保存
"
"2025-10-17 13:06:47,211",INFO,"Epoch 80 finished in 12.3s
"
"2025-10-17 13:06:57,948",INFO,"Epoch 81 | Train Loss: 0.0632
"
"2025-10-17 13:06:59,403",INFO,"Epoch 81 | Val Loss: 0.0668 | Val IoU: 0.8539 (76/89)
"
"2025-10-17 13:06:59,403",INFO,"IoU未提升（当前:0.8539 最佳:0.9663），模型不保存
"
"2025-10-17 13:06:59,403",INFO,"Epoch 81 finished in 12.2s
"
"2025-10-17 13:07:10,141",INFO,"Epoch 82 | Train Loss: 0.0622
"
"2025-10-17 13:07:11,677",INFO,"Epoch 82 | Val Loss: 0.0720 | Val IoU: 0.9101 (81/89)
"
"2025-10-17 13:07:11,677",INFO,"IoU未提升（当前:0.9101 最佳:0.9663），模型不保存
"
"2025-10-17 13:07:11,677",INFO,"Epoch 82 finished in 12.3s
"
"2025-10-17 13:07:22,378",INFO,"Epoch 83 | Train Loss: 0.0662
"
"2025-10-17 13:07:23,914",INFO,"Epoch 83 | Val Loss: 0.0651 | Val IoU: 0.8989 (80/89)
"
"2025-10-17 13:07:23,914",INFO,"IoU未提升（当前:0.8989 最佳:0.9663），模型不保存
"
"2025-10-17 13:07:23,914",INFO,"Epoch 83 finished in 12.2s
"
"2025-10-17 13:07:34,635",INFO,"Epoch 84 | Train Loss: 0.0622
"
"2025-10-17 13:07:36,104",INFO,"Epoch 84 | Val Loss: 0.0625 | Val IoU: 0.8539 (76/89)
"
"2025-10-17 13:07:36,104",INFO,"IoU未提升（当前:0.8539 最佳:0.9663），模型不保存
"
"2025-10-17 13:07:36,104",INFO,"Epoch 84 finished in 12.2s
"
"2025-10-17 13:07:46,779",INFO,"Epoch 85 | Train Loss: 0.0647
"
"2025-10-17 13:07:48,382",INFO,"Epoch 85 | Val Loss: 0.0610 | Val IoU: 0.9101 (81/89)
"
"2025-10-17 13:07:48,382",INFO,"IoU未提升（当前:0.9101 最佳:0.9663），模型不保存
"
"2025-10-17 13:07:48,382",INFO,"Epoch 85 finished in 12.3s
"
"2025-10-17 13:07:59,055",INFO,"Epoch 86 | Train Loss: 0.0610
"
"2025-10-17 13:08:00,557",INFO,"Epoch 86 | Val Loss: 0.0728 | Val IoU: 0.9101 (81/89)
"
"2025-10-17 13:08:00,557",INFO,"IoU未提升（当前:0.9101 最佳:0.9663），模型不保存
"
"2025-10-17 13:08:00,557",INFO,"Epoch 86 finished in 12.2s
"
"2025-10-17 13:08:11,256",INFO,"Epoch 87 | Train Loss: 0.0643
"
"2025-10-17 13:08:12,766",INFO,"Epoch 87 | Val Loss: 0.0655 | Val IoU: 0.8652 (77/89)
"
"2025-10-17 13:08:12,766",INFO,"IoU未提升（当前:0.8652 最佳:0.9663），模型不保存
"
"2025-10-17 13:08:12,766",INFO,"Epoch 87 finished in 12.2s
"
"2025-10-17 13:08:23,459",INFO,"Epoch 88 | Train Loss: 0.0613
"
"2025-10-17 13:08:24,955",INFO,"Epoch 88 | Val Loss: 0.0729 | Val IoU: 0.8876 (79/89)
"
"2025-10-17 13:08:24,955",INFO,"IoU未提升（当前:0.8876 最佳:0.9663），模型不保存
"
"2025-10-17 13:08:24,955",INFO,"Epoch 88 finished in 12.2s
"
"2025-10-17 13:08:35,592",INFO,"Epoch 89 | Train Loss: 0.0616
"
"2025-10-17 13:08:37,117",INFO,"Epoch 89 | Val Loss: 0.0677 | Val IoU: 0.8876 (79/89)
"
"2025-10-17 13:08:37,117",INFO,"IoU未提升（当前:0.8876 最佳:0.9663），模型不保存
"
"2025-10-17 13:08:37,117",INFO,"Epoch 89 finished in 12.2s
"
"2025-10-17 13:08:47,894",INFO,"Epoch 90 | Train Loss: 0.0635
"
"2025-10-17 13:08:49,451",INFO,"Epoch 90 | Val Loss: 0.0656 | Val IoU: 0.8876 (79/89)
"
"2025-10-17 13:08:49,451",INFO,"IoU未提升（当前:0.8876 最佳:0.9663），模型不保存
"
"2025-10-17 13:08:49,451",INFO,"Epoch 90 finished in 12.3s
"
"2025-10-17 13:09:00,204",INFO,"Epoch 91 | Train Loss: 0.0667
"
"2025-10-17 13:09:01,776",INFO,"Epoch 91 | Val Loss: 0.0729 | Val IoU: 0.9101 (81/89)
"
"2025-10-17 13:09:01,777",INFO,"IoU未提升（当前:0.9101 最佳:0.9663），模型不保存
"
"2025-10-17 13:09:01,777",INFO,"Epoch 91 finished in 12.3s
"
"2025-10-17 13:09:12,511",INFO,"Epoch 92 | Train Loss: 0.0628
"
"2025-10-17 13:09:14,030",INFO,"Epoch 92 | Val Loss: 0.0630 | Val IoU: 0.9101 (81/89)
"
"2025-10-17 13:09:14,030",INFO,"IoU未提升（当前:0.9101 最佳:0.9663），模型不保存
"
"2025-10-17 13:09:14,030",INFO,"Epoch 92 finished in 12.3s
"
"2025-10-17 13:09:24,769",INFO,"Epoch 93 | Train Loss: 0.0649
"
"2025-10-17 13:09:26,276",INFO,"Epoch 93 | Val Loss: 0.0595 | Val IoU: 0.8989 (80/89)
"
"2025-10-17 13:09:26,276",INFO,"IoU未提升（当前:0.8989 最佳:0.9663），模型不保存
"
"2025-10-17 13:09:26,276",INFO,"Epoch 93 finished in 12.2s
"
"2025-10-17 13:09:36,952",INFO,"Epoch 94 | Train Loss: 0.0621
"
"2025-10-17 13:09:38,499",INFO,"Epoch 94 | Val Loss: 0.0655 | Val IoU: 0.8764 (78/89)
"
"2025-10-17 13:09:38,499",INFO,"IoU未提升（当前:0.8764 最佳:0.9663），模型不保存
"
"2025-10-17 13:09:38,499",INFO,"Epoch 94 finished in 12.2s
"
"2025-10-17 13:09:49,134",INFO,"Epoch 95 | Train Loss: 0.0620
"
"2025-10-17 13:09:50,638",INFO,"Epoch 95 | Val Loss: 0.0638 | Val IoU: 0.8876 (79/89)
"
"2025-10-17 13:09:50,638",INFO,"IoU未提升（当前:0.8876 最佳:0.9663），模型不保存
"
"2025-10-17 13:09:50,638",INFO,"Epoch 95 finished in 12.1s
"
"2025-10-17 13:10:01,335",INFO,"Epoch 96 | Train Loss: 0.0635
"
"2025-10-17 13:10:02,840",INFO,"Epoch 96 | Val Loss: 0.0686 | Val IoU: 0.9213 (82/89)
"
"2025-10-17 13:10:02,840",INFO,"IoU未提升（当前:0.9213 最佳:0.9663），模型不保存
"
"2025-10-17 13:10:02,840",INFO,"Epoch 96 finished in 12.2s
"
"2025-10-17 13:10:13,513",INFO,"Epoch 97 | Train Loss: 0.0632
"
"2025-10-17 13:10:15,026",INFO,"Epoch 97 | Val Loss: 0.0656 | Val IoU: 0.9213 (82/89)
"
"2025-10-17 13:10:15,026",INFO,"IoU未提升（当前:0.9213 最佳:0.9663），模型不保存
"
"2025-10-17 13:10:15,026",INFO,"Epoch 97 finished in 12.2s
"
"2025-10-17 13:10:25,727",INFO,"Epoch 98 | Train Loss: 0.0637
"
"2025-10-17 13:10:27,296",INFO,"Epoch 98 | Val Loss: 0.0673 | Val IoU: 0.9775 (87/89)
"
"2025-10-17 13:10:27,307",INFO,"New best IoU: 0.9775 -> saved to ./checkpoints/20251017/best_iou_0.9775.pth
"
"2025-10-17 13:10:27,307",INFO,"Epoch 98 finished in 12.3s
"
"2025-10-17 13:10:38,138",INFO,"Epoch 99 | Train Loss: 0.0629
"
"2025-10-17 13:10:39,634",INFO,"Epoch 99 | Val Loss: 0.0719 | Val IoU: 0.8539 (76/89)
"
"2025-10-17 13:10:39,634",INFO,"IoU未提升（当前:0.8539 最佳:0.9775），模型不保存
"
"2025-10-17 13:10:39,634",INFO,"Epoch 99 finished in 12.3s
"
"2025-10-17 13:10:50,262",INFO,"Epoch 100 | Train Loss: 0.0629
"
"2025-10-17 13:10:51,770",INFO,"Epoch 100 | Val Loss: 0.0624 | Val IoU: 0.9213 (82/89)
"
"2025-10-17 13:10:51,771",INFO,"IoU未提升（当前:0.9213 最佳:0.9775），模型不保存
"
"2025-10-17 13:10:51,771",INFO,"Epoch 100 finished in 12.1s
"
